<?xml version="1.0" encoding="UTF-8"?>
<!DOCTYPE hibernate-reverse-engineering PUBLIC "-//Hibernate/Hibernate Reverse Engineering DTD 3.0//EN" "http://hibernate.sourceforge.net/hibernate-reverse-engineering-3.0.dtd" >

<hibernate-reverse-engineering>
  <table-filter match-name="APP_FUNCTIONS"/>
  <table-filter match-name="APP_MODULES"/>
  <table-filter match-name="APP_ROLES"/>
  <table-filter match-name="APP_ROLE_FUNCTIONS"/>
  <table-filter match-name="APP_USERPWD_LOG"/>
  <table-filter match-name="APP_USERS"/>
  <table-filter match-name="APP_USERS_150717"/>
  <table-filter match-name="APP_USERS_LOG"/>
  <table-filter match-name="APP_USER_ROLES"/>
  <table-filter match-name="APP_USER_ROLES_150717"/>
  <table-filter match-name="APP_USER_ROLES_LOG"/>
 
 </hibernate-reverse-engineering>